종목코드,종목명
005930,삼성전자
373220,LG에너지솔루션
000660,SK하이닉스
207940,삼성바이오로직스
005490,POSCO홀딩스
005380,현대차
006400,삼성SDI
051910,LG화학
035420,NAVER
000270,기아
003670,포스코퓨처엠
105560,KB금융
012330,현대모비스
068270,셀트리온
028260,삼성물산
035720,카카오
055550,신한지주
066570,LG전자
096770,삼성생명
032830,SK이노베이션
047050,포스코인터내셔널
003550,LG
086790,하나금융지주
000810,삼성화재
033780,KT&G
015760,한국전력
323410,카카오뱅크
138040,메리츠금융지주
329180,HD현대중공업
017670,SK
034020,SK텔레콤
034730,두산에너빌리티
010130,고려아연
018260,삼성에스디에스
009150,삼성전기
316140,우리금융지주
352820,하이브
024110,기업은행
010950,S-Oil
011200,KT
030200,HMM
009540,HD한국조선해양
003490,대한항공
001570,금양
010140,삼성중공업
259960,크래프톤
090430,아모레퍼시픽
051900,LG생활건강
086280,현대글로비스
326030,SK바이오팜
005830,DB손해보험
042660,한화오션
028050,삼성엔지니어링
402340,롯데케미칼
011170,SK스퀘어
011070,LG이노텍
377300,카카오페이
000100,유한양행
241560,두산밥캣
012450,한화에어로스페이스
361610,SK아이이테크놀로지
004020,현대제철
302440,SK바이오사이언스
009830,한화솔루션
267250,HD현대
036570,엔씨소프트
161390,한국타이어앤테크놀로지
271560,오리온
018880,한온시스템
034220,LG디스플레이
047810,한국항공우주
032640,LG유플러스
097950,CJ제일제당
383220,F&F
000720,미래에셋증권
006800,현대건설
011780,금호석유
251270,넷마블
128940,한미약품
078930,GS
029780,삼성카드
005940,NH투자증권
010620,현대미포조선
008770,호텔신라
006260,LS
035250,강원랜드
016360,삼성증권
071050,한국금융지주
021240,코웨이
064350,현대로템
001450,현대해상
010120,LS ELECTRIC
011790,SKC
003410,쌍용C&E
004990,롯데지주
001040,CJ
002790,농심
004370,팬오션
028670,한화생명
088350,한진칼
180640,아모레G
007070,GS리테일
039490,BGF리테일
282330,한전기술
081660,휠라홀딩스
052690,키움증권
000990,DB하이텍
002380,KCC
008930,한미사이언스
012750,에스원
030000,제일기획
272210,한화시스템
042670,HD현대인프라코어
111770,영원무역
112610,씨에스윈드
138930,BNK금융지주
036460,한국가스공사
004170,신세계
175330,JB금융지주
023530,롯데쇼핑
000120,CJ대한통운
000150,두산
000880,한화
204320,한솔케미칼
020150,효성첨단소재
079550,LIG넥스원
139480,이마트
014680,HL만도
017800,롯데에너지머티리얼즈
298050,현대엘리베이
047040,대우건설
026960,동서
001440,대한전선
001740,SK네트웍스
004000,롯데정밀화학
005850,에스엘
298020,효성티앤씨
011210,현대위아
051600,한전KPS
069960,현대백화점
010060,OCI홀딩스
000080,하이트진로
003230,삼양식품
004800,효성
005420,코스모화학
007310,오뚜기
336260,두산퓨얼셀
009420,한올바이오파마
137310,에스디바이오센서
139130,DGB금융지주
192820,코스맥스
009240,한샘
001120,LX인터내셔널
005300,롯데칠성
006280,녹십자
006360,GS건설
375500,DL이앤씨
073240,금호타이어
120110,코오롱인더
161890,한국콜마
185750,종근당
069620,대웅제약
000240,한국앤컴퍼니
000670,영풍
009900,명신산업
010780,아이에스동서
285130,SK케미칼
093370,후성
103140,풍산
114090,GKL
280360,롯데웰푸드
032350,롯데관광개발
000210,DL
001800,오리온홀딩스
003090,대웅
004490,세방전지
006650,대한유화
014820,동원시스템즈
300720,한일시멘트
019170,신풍제약
020560,아시아나항공
069260,TKG휴켐스
105630,한세실업
271940,일진하이솔루스
016380,KG스틸
001680,대상
003240,태광산업
003850,보령
005250,녹십자홀딩스
294870,HDC현대산업개발
031430,신세계인터내셔날
039130,하나투어
178920,PI첨단소재
192080,더블유게임즈
008730,율촌화학
013890,지누스
020000,한섬
381970,케이카
284740,쿠쿠홈시스
057050,현대홈쇼핑
